ID,BlendProperty1,BlendProperty2,BlendProperty3,BlendProperty4,BlendProperty5,BlendProperty6,BlendProperty7,BlendProperty8,BlendProperty9,BlendProperty10
1,-0.14290912,0.34957415,0.5598702,0.55493814,0.29187605,0.6153167,0.53879064,0.35780594,-0.44262052,0.26226732
2,-0.7362473,-0.51502794,-1.1669453,0.03357205,-0.7280298,-0.14404333,-0.9651231,-1.0540107,-0.5312724,0.15649918
3,1.6565384,0.98452896,0.97003835,1.0784194,2.406918,1.7980024,0.972693,1.7319525,0.49835435,2.1316023
4,-0.34049612,0.30571213,0.6129723,-0.44215024,1.945895,-0.33940804,0.69707036,1.6590326,0.8362102,-0.8106611
5,0.12674484,-1.1665839,1.1376176,0.39253172,2.4012327,0.20661297,1.0655838,-0.18885717,-0.49349672,0.99979013
6,-1.395901,-1.7618159,0.56297576,-1.5187275,0.0108017735,-1.6304029,0.36980847,0.013725952,-0.9379084,0.11758804
7,1.036431,0.35514662,-0.15248746,-0.07983495,-0.11368728,0.65903455,-0.24583162,0.35221633,1.3242999,0.2792464
8,2.1366959,1.2255514,0.712063,1.283294,-1.5137753,1.3527119,0.46448424,0.67675984,1.525293,0.51758814
9,1.3566922,0.9925291,1.0986516,1.6221943,-0.55153924,0.9344464,1.131325,0.42202935,1.2468845,0.83348215
10,-1.0183594,-0.85983366,-2.03053,-0.6415345,-1.1950756,-0.58444595,-1.9863038,0.18632708,-0.4254768,-1.2702138
11,0.07414914,0.5304494,0.85889745,0.41955495,1.8038316,-0.15427949,0.76592225,-0.16015054,-0.9443909,0.7523964
12,1.2339342,0.68334955,0.8314107,-0.26481384,1.0499117,0.2608771,0.69218373,0.970792,-0.27714422,0.9304644
13,0.6570221,-0.6042632,0.9186496,0.05986426,-1.3606838,2.2228754,0.7027465,0.71780473,1.3351324,1.8551041
14,-0.21420574,0.69438773,0.7861868,-0.91523075,2.4220784,-0.41840222,0.4711903,0.0844897,-0.8398751,-0.49434897
15,0.43930468,2.0357392,0.72583973,1.5716394,-0.20721592,0.2973389,0.515539,0.8333472,0.6827867,-0.4682428
16,-0.08810181,-0.77743,0.6965179,-0.8366109,0.5581323,-0.9814344,0.74024194,-0.053864367,-1.6343834,0.005774338
17,-1.3539728,-1.5975438,-0.12786949,-1.5234036,-0.7944005,0.029754354,-0.11752842,-0.85166115,-0.2573439,-1.217664
18,-0.41330534,-0.30630448,0.51552546,-0.65069234,-0.04306711,-0.11778948,0.5069263,0.85187477,-0.18810408,-0.96052927
19,0.16028787,-0.41509426,0.7903617,-0.74692297,1.6341008,-1.1537321,0.7661324,1.5410821,-1.4983469,1.5143323
20,-0.69744796,-1.3100291,0.60223746,-1.1689718,-0.77667844,-0.8909734,0.4731036,0.12132224,-1.1355176,-1.4200903
21,0.08811971,-2.1641483,0.3384228,-0.89364815,1.7718369,-1.9626538,0.30019295,1.0186299,-0.7936119,0.6104322
22,0.1585461,0.9587263,0.2447208,1.4789292,1.3718442,1.8265107,0.20903575,0.5858213,0.7013056,1.650967
23,1.1602266,1.5613357,1.172609,0.89470696,1.5259932,0.21568467,1.1921711,0.67873627,0.2790652,1.4175395
24,0.077151604,0.68353885,0.5817892,0.42322806,-0.9929508,0.22102709,0.2476156,-0.7117495,-0.2987717,0.06278471
25,-1.3883528,-0.9698145,-0.048440285,-0.7317559,-0.557174,-0.33190343,-0.035194233,-1.0662152,-0.17499752,0.06340195
26,-0.37786865,-0.49119002,0.2315481,-0.81064385,-0.31068915,0.225921,0.25152537,-0.9939505,0.22273959,-1.4802693
27,0.8321672,0.42810988,-0.16079237,1.6509777,-1.3545368,0.25392395,-0.15295279,0.5357413,0.63648003,-1.1620902
28,0.09412542,-0.58874965,-0.17953129,-0.54616696,-1.1503781,-0.38985452,-0.2763846,-1.2334044,0.9678236,0.60409385
29,-0.7662623,-1.4867102,-0.15711528,-0.5972948,-0.43967175,-0.73070407,-0.17428562,-1.1017946,-0.3954394,0.08243929
30,-0.088053755,0.21284209,-0.6853061,-0.7068153,-1.7244663,0.16674544,-0.4727983,-1.0076435,0.13397057,-1.5471127
31,-1.1374909,-0.31481987,0.22780652,-0.5309461,1.0644603,-0.86552316,0.12195826,-0.08831427,-1.4234499,0.37101907
32,-1.211437,-0.34706336,0.064510755,-1.0526524,0.38067,-1.5180764,-0.0252,-0.32877317,-0.9033749,0.2747621
33,0.6269174,0.4957879,-0.54050106,0.45365337,0.06192896,-0.40075904,-0.6019018,-0.01290265,0.18752699,-0.25054544
34,0.5763177,0.9973825,0.15599515,-0.21051626,-0.9762785,0.03185223,0.14117979,1.1354376,-0.20732132,-0.67211914
35,-0.8004894,-1.3723236,-0.072973974,-0.9361517,0.110751264,-0.41938666,-0.08797694,-1.3710358,-2.1317792,0.2402465
36,1.661562,0.13199683,0.52045786,0.6044374,0.80077803,0.5098723,0.50346243,1.2896508,-0.52449983,0.7267747
37,-0.14075312,-0.1943362,-0.6329418,0.011843313,-1.2770183,0.33592486,-0.5412082,-0.14262614,1.4942386,-0.34259406
38,0.098838985,0.7290936,0.38182795,1.4579346,0.28160712,0.587983,0.4698547,-0.01877306,0.9749353,-0.83275735
39,-2.0817955,-1.4439226,-0.13624553,-1.4421232,0.23741159,-0.13075425,-0.11696982,-1.7035532,-0.7674226,0.065251626
40,0.19915432,0.74800634,0.6928849,-1.0787168,-0.22318117,0.17241932,0.6716718,-0.22116165,0.29959714,-0.4820572
41,1.7921062,1.3747144,1.4032491,1.5191222,2.2604392,2.3567812,1.3521526,1.2334092,1.2887318,1.8946302
42,2.1448476,0.4459442,1.1168941,0.7507771,-1.210854,0.49785268,1.1048232,0.98606837,1.4824014,2.179472
43,-1.6359192,-0.22758175,-1.0416826,-1.1576642,-0.5047211,-0.29808444,-0.74584186,-1.8745883,-1.0319217,-1.2840492
44,1.2794235,0.3008626,0.44457668,0.6573156,-0.33894768,0.5552757,0.32087967,1.6673418,0.02483332,0.1876286
45,-0.5833105,-0.5945897,-0.023046425,-1.6039368,1.7904896,-1.4412386,0.058595374,-0.059888985,-1.2572019,0.507303
46,0.7164152,1.029582,0.70028865,0.6501732,0.71575505,0.9392827,0.60368776,0.40775037,0.87886316,-0.7252668
47,-1.4262878,-1.8772143,-0.815081,-1.261875,-0.07652076,-2.0489745,-0.857879,-1.1927341,-1.8116097,-0.34980714
48,-0.21625601,0.2501548,-0.43732613,0.091664575,-0.44024685,-0.56310624,-0.30452067,0.20449129,0.6865855,-0.559641
49,-0.3809385,-1.0684413,0.3479946,-0.24076481,-0.91065437,-0.64954215,0.4542697,-0.5138464,-1.3663409,-0.08296981
50,-1.7684662,-1.5048907,-2.2833152,-0.60878384,-0.5623452,-1.4066153,-2.0085485,-1.8355216,-1.8511084,-1.6965843
51,1.9401643,0.97847575,1.6755909,0.23298666,2.3510728,-0.5494813,2.007753,-0.28635335,-0.49952546,1.934477
52,-0.04796089,1.0934235,1.5543747,-0.23951757,1.0398823,1.1962658,1.7822561,0.3556763,0.75817585,-0.74985915
53,-0.11303333,0.03419305,-0.30740643,-0.96347946,0.011580798,-0.6969522,-0.34952098,0.58268553,0.37762907,0.43994722
54,1.5581182,0.6554048,0.29379582,0.43820927,0.7080824,-0.24355556,0.29756063,0.66783184,-0.72443616,2.2559302
55,0.6942487,0.48003784,0.60233265,0.23237228,-0.113598675,1.0859865,0.6763176,0.30345663,0.7046111,-0.5008535
56,0.7771541,0.18839294,0.5024795,0.11521804,-0.102277435,0.6446906,0.4804306,1.0997108,-0.3249044,-1.2078617
57,-0.074906856,0.19423576,0.5623765,0.15331253,-0.20743085,1.0583999,0.46707612,0.1179018,0.5947657,0.78476423
58,-1.7677734,-0.98697597,0.6452213,-0.14654654,1.243352,-0.8274894,0.57479835,-0.5542169,-2.0761728,0.10134239
59,-0.43866187,0.39222884,0.50362575,1.0659933,-1.3898361,-0.6438629,0.4561114,-0.13259928,0.4131058,-1.897329
60,-1.0190811,-1.7259983,0.1756739,-1.5985535,1.8719153,-0.9478954,0.1578791,-0.8429902,-0.98588103,0.6125465
61,-0.37294587,-0.06422931,-2.012265,-1.1075294,0.041745525,-0.68711346,-1.7021819,-0.7372243,-0.24234682,-1.3201609
62,0.051121347,-1.0283515,0.11372215,-0.48347822,-0.9617861,0.9123246,-0.06676141,-0.847245,1.195479,-0.92453593
63,1.3904989,0.2970272,0.66782707,1.6970025,-0.23257588,1.1041377,0.59974134,0.8046152,1.0936211,1.0396614
64,-0.58338284,-0.3501594,0.69374543,-0.71802324,1.0165734,-1.6494014,0.6800616,-0.2709484,-1.0465112,-0.2637489
65,-0.426303,-0.92143345,1.0659229,-1.6640018,0.20225848,1.3118911,0.9365615,0.8975381,0.6804506,-0.9046177
66,0.505686,-0.13645719,-0.31481636,-0.90786964,0.77111715,0.048032887,-0.36661056,-0.716501,0.61806464,-0.15855426
67,1.0812817,1.6990765,0.8662612,0.40860868,-0.14055777,1.3274477,0.7223884,1.4275429,0.7404067,0.575602
68,-0.91157603,-0.9268745,-1.0342493,0.98850006,-1.0491222,-0.7357934,-0.820178,0.16782375,-0.8709121,-0.6563564
69,1.4177644,1.4904433,0.72794163,0.92056936,-0.46139038,-0.21961378,0.46713543,1.3242575,-0.19942361,1.6898956
70,-0.16945383,-0.33999902,0.24910815,-0.1684126,-0.28729498,-0.8813773,0.28507832,-0.5016265,0.41425365,0.464577
71,-0.37198564,-0.34041846,-0.07982558,-0.41762382,-0.8032429,-0.59759825,-0.1281025,-0.26957622,-0.4806716,0.7851064
72,0.6185959,-0.14812078,0.2187644,0.6434516,0.29039806,1.3457301,0.2653892,0.20061266,0.63500047,-0.7893224
73,0.28354335,0.73604745,1.7090374,-0.5999214,3.212206,1.4892914,1.7331451,0.3837539,0.11484383,1.4054812
74,1.4273784,0.8458712,0.9551936,1.0480351,1.718138,0.07247841,1.0833237,1.019659,0.35605013,2.1048236
75,1.2214984,0.71464026,-0.043270294,0.9457649,-0.55196196,0.25716138,-0.08183746,0.6373481,0.6403205,0.49264887
76,-1.0342889,-0.31543645,-0.12291862,-0.29203013,-0.2854095,0.2854658,-0.12365697,-0.48605722,-0.13982639,-0.8218016
77,-0.73333627,0.18563701,0.8012816,-0.97914803,-1.1395472,-0.32446715,0.6455733,-0.5264572,-0.58339345,-0.99949104
78,0.66406304,0.95378405,0.87019455,0.20755155,1.0120385,2.064211,0.78834355,1.7154084,0.7796768,-0.36569774
79,1.0164965,0.80701035,0.43635726,0.9189753,-0.6403252,0.34653673,0.31679472,0.8831937,0.81757915,-0.37960252
80,0.7164055,0.5405151,-1.2046489,0.5890131,-0.71473485,0.4817078,-1.3369175,0.046213683,1.8895606,0.5157951
81,-0.12709458,0.64668673,0.92438155,0.23670399,-0.45493045,-0.55864835,0.9238834,1.3173273,-0.23037313,1.1817188
82,1.5930607,1.0807302,0.8702785,-0.35444483,0.34004644,1.2281598,0.6812822,0.18942654,0.54961294,-0.5748055
83,-0.56493264,-0.32905057,0.5320213,-0.39217186,-0.7338079,-0.14761159,0.5810252,0.15417433,-0.45885026,0.13071573
84,0.99498063,0.46180534,1.3718807,0.64876145,-0.47868162,1.7331921,1.40851,1.4870867,-0.40447128,0.37792975
85,-0.3754778,-0.40063453,-1.4429548,-1.0547175,0.061126918,-1.8670142,-1.283357,-1.3590407,-1.1404585,-0.1685882
86,0.37659955,-0.6159376,0.97222286,-0.37424853,1.1631882,0.17557497,0.88971084,0.32171476,-2.3398335,0.62406665
87,-1.1465743,-0.89365023,0.92189914,-1.2794496,0.012154502,0.6158641,0.8403604,-0.7821603,-0.33176616,-1.5782733
88,-1.0567766,0.05065237,0.46627346,-0.67709196,-1.1176395,-0.5708404,0.35479978,-0.2544152,-1.0835383,-0.7118344
89,-0.055403654,-0.43512586,0.28187785,-0.49274698,-0.47286743,-0.8734694,0.39534494,-1.1034824,-0.7742518,-0.479426
90,0.2746572,-0.8138644,0.8161995,-0.8188176,2.1358955,-0.7673363,0.8361441,0.10828976,-1.1405576,0.7571328
91,-0.28332797,-0.715316,-0.12236823,-0.5598149,-0.8833548,0.12185039,-0.29778042,0.014466738,0.83671874,-1.5043597
92,-1.4218518,-0.31126994,0.48589626,-0.88470155,-0.49021322,-0.7556215,0.37996465,-0.9728179,-1.2664852,-0.24351944
93,0.33880943,-1.0269182,1.3815109,0.669642,0.6616251,0.1656532,1.5878011,0.6036819,0.14946344,0.8178296
94,1.8616506,0.8165109,0.5771063,0.82896674,-1.0315361,0.586586,0.5946809,0.70320094,1.1782897,2.123646
95,1.2389319,0.5589499,-0.16851911,0.53099245,-0.26192638,1.3154236,-0.5247207,0.82742447,1.8996859,-0.68195164
96,-1.4977262,-1.11431,0.0025054396,-1.5116749,0.7557819,-1.9410583,0.061868515,-0.20492981,-1.740957,0.010343743
97,0.55199,-0.176702,0.056700166,0.19616416,-0.17368264,-0.20190525,0.067859866,-0.07847078,0.18601653,-0.68928736
98,-0.6395629,-0.30394703,0.2006906,-0.82939214,-0.97683614,-1.3756149,0.13822383,-0.29821625,-0.27209446,0.13658522
99,-0.40779418,0.20012864,-1.5303102,-0.1237368,-0.044510946,-1.3123611,-1.2818474,-0.5096456,0.057355016,-0.75742465
100,-0.40576634,-0.468301,-0.3136356,0.36071134,0.6576543,-0.1900815,-0.19708581,-0.1218497,-0.5857666,-0.6868458
101,-1.3329756,-1.5313146,-1.7692825,-0.91669214,0.50452757,-0.8119259,-1.8028942,-1.8095573,-1.1307144,-0.56312054
102,-0.8264901,-0.8925629,-0.26159015,-0.73342013,-0.82816094,-0.081583194,-0.34983706,-0.55584973,0.027854215,0.14994396
103,-1.9909968,-1.4892119,-0.99388844,-1.0944569,-0.8837607,-1.1170341,-0.9729262,-1.4168103,-1.1273059,-1.3962831
104,-1.1053877,-1.1842607,0.93875057,-0.18843204,0.8822848,-0.37534988,0.8177001,-0.80593073,0.07699578,0.20613357
105,0.5096923,0.32494888,1.1097239,0.6298887,0.12353676,0.04062827,0.96348923,0.69474155,-1.0438387,0.7115586
106,0.93766826,0.9673655,-2.0101676,0.3078411,-1.5122617,0.42382705,-1.9719721,-0.92401296,1.9192145,-1.0588759
107,-0.56090283,-1.0517198,0.11447531,0.4277453,0.31350332,-0.3332381,0.030187588,-0.14211695,-0.16337095,-1.228874
108,-0.9978168,0.08019486,-0.0935629,-0.728509,-0.8022497,0.40672746,0.06705436,-0.66545665,-1.0632839,-0.10109509
109,0.0559178,0.35915703,0.71788204,-0.11641016,0.6548084,-0.53470737,0.60888827,0.13178861,-1.354891,0.8475285
110,1.0514446,0.44851848,-0.86827666,0.79238594,-0.44038424,0.4637695,-0.5306606,-0.5000764,1.2716391,-0.5939616
111,0.11459592,-0.2376782,1.4947584,0.53141284,1.2168597,-0.3481481,1.4204443,0.76990616,-0.042117834,1.1109208
112,0.7973229,0.6203819,0.2843281,-0.27406108,-0.26921996,0.116249,0.29513142,0.7541143,0.739355,1.3444684
113,0.19178452,-0.2440463,-0.25073445,0.3314669,0.19150856,-0.425306,-0.30054203,-0.03912125,-0.19232981,-0.65877736
114,-0.3798334,-0.87118703,-1.0458508,-0.6226008,-0.81418175,-0.13619877,-0.7911497,-1.7814043,-0.21356578,-0.35943434
115,1.017883,0.43517768,-1.0685911,0.8623386,-0.35871124,1.2019047,-1.2495867,-0.43778318,0.7786434,-0.45636758
116,-0.60411894,-0.3496734,-0.56571645,-0.34098017,0.3642999,-1.3331633,-0.59155333,-0.35552588,0.15895662,-1.0750278
117,-0.20877238,-0.43265584,-1.6417874,-0.85838515,-0.794227,0.014105424,-1.5300572,-0.49801764,-0.14941454,-0.64646024
118,-0.18460642,-0.122687936,0.6261882,-0.7150774,2.618942,0.7483978,0.67592496,-0.15948234,0.437628,-0.53586507
119,-0.47652942,-1.091333,-2.2134533,-0.045211863,-1.7021072,0.37806484,-2.0495493,-0.49166375,1.0233587,-1.4132739
120,0.9221501,0.32409504,0.49087802,1.0270482,0.2888761,0.62901735,0.4435319,0.5138403,0.16555333,0.76348066
121,0.09103636,0.034509346,0.11355816,0.28096476,-1.1171103,1.4757714,0.023005066,0.67041624,0.94910103,-0.018972924
122,-0.54951346,-0.9312282,0.3699365,-0.8973431,-0.13229664,-1.3259056,0.23877005,-0.74422836,-0.4438883,0.91875434
123,0.002657541,-0.32191217,0.025276318,0.58424515,-0.24225485,0.74490786,0.17793569,0.19390546,0.499445,-1.5089295
124,-0.58868235,-1.019073,-1.3538237,-1.3829187,0.11208076,-1.4970648,-1.2037352,-1.038635,-0.8242132,-1.2947987
125,-1.9829988,-1.7650377,-2.2719953,-1.8732086,-0.17705011,-2.0328372,-2.1677191,-1.4456806,-0.82378054,-0.530653
126,1.2215077,1.2453175,0.044369604,-0.092774145,0.39463404,0.933318,-0.10666657,0.31988046,0.33049813,0.36178863
127,-1.4903778,-1.3136888,0.7795081,-0.32387465,2.4725187,-1.5095404,0.8150931,-0.06971341,-1.4044069,0.11154628
128,0.5651144,0.62051815,-1.0608859,0.7347048,-1.2916105,-0.953306,-1.0076563,-0.32620075,1.1343948,-1.0242522
129,-0.19862173,-0.7352659,-0.058792464,-0.6489684,1.8445495,0.45478082,-0.041916154,-0.2305368,-0.86693424,0.29767546
130,1.3136449,1.4609721,1.5559869,2.5996583,1.4548019,1.5941099,1.6644344,0.9636863,0.3304382,0.42084742
131,2.2557917,1.4281623,0.97452796,1.9311383,2.6950686,1.9648547,0.8336871,2.0470324,0.8232733,0.27779397
132,1.3595414,1.2164481,0.6473497,2.28032,-0.88371986,1.03731,0.67489755,1.911932,2.0058408,-0.021820016
133,0.28208274,1.2423404,-0.90707356,1.6884012,-0.5349431,0.4899177,-0.62745386,-0.68863326,0.3457389,-1.3642699
134,-1.0220109,-1.9681431,0.20760794,-0.679127,1.6929079,-0.75607985,0.1719854,-0.5156486,0.17877115,0.25929248
135,-0.72128725,-0.31397852,-1.3332032,0.18809827,-1.2894862,0.97841024,-1.7312799,0.26832438,0.43907562,-0.4786816
136,0.34124804,-0.3758498,-0.2190735,-0.24379484,0.8821231,0.39935583,-0.29143056,0.06519961,0.6596913,0.3378207
137,-0.13124825,-0.6742845,0.4630767,-1.077418,0.73595965,-0.2872448,0.45846978,-0.16018054,-1.8321043,0.6985556
138,1.4920868,0.24897014,0.41517106,1.5561981,0.19020174,0.42094794,0.40025812,-0.14156511,0.70703363,1.567228
139,-0.14348112,-0.64833856,0.46753064,0.27560788,2.0676975,-1.2386948,0.40905106,-0.22743686,-1.2748734,-0.65409625
140,-0.93721557,-0.26251295,0.72267604,-0.8805343,-0.09531518,0.7679355,0.81495106,1.0213249,0.37960255,-0.28757492
141,0.3847466,0.47199273,-0.91117275,0.18672553,-0.33922577,-0.8260852,-0.9707807,-0.45894045,-0.3706964,-1.2833766
142,-1.192985,-0.718707,-2.0574138,-0.77775383,-0.92347157,-0.4647023,-1.8203489,-0.15239024,0.49935845,-0.61815155
143,1.1738194,0.99691266,0.6837789,0.92991376,-0.9332422,0.34335896,0.51083195,0.8471223,0.9634138,0.9517373
144,0.0943044,-0.13065076,0.04512957,0.22117919,0.48440862,0.41108873,-0.16987054,1.1546229,-0.2679663,-0.3010876
145,0.90475875,0.9324182,0.66555256,0.79848665,0.04092553,1.3327618,0.45453158,0.5463903,1.7134464,2.1892695
146,-0.09938992,1.0290987,-0.042658422,0.34497014,-0.5994929,1.8645768,0.04207381,0.2585102,0.48904508,-0.38302714
147,0.45502847,0.6979798,0.026039876,-0.21123748,-0.37622744,0.15033539,0.063076735,-0.91631067,-0.052281294,0.18176892
148,1.1133746,1.2968128,-0.102888644,1.1507201,-0.1126345,1.1461926,-0.05529079,1.3039057,0.91797507,0.43900466
149,-1.498815,-1.3327193,-1.4801307,-1.3137401,0.041733015,-2.096645,-1.5525925,-1.6681514,-0.44781336,-0.15661445
150,1.5320191,1.4053931,-0.33553374,-0.17816918,-0.49002984,1.0313003,-0.3486393,0.09493417,1.0049431,-0.6306081
151,-1.1813902,-0.5710273,0.080347635,-1.2178355,0.56745017,-1.4988045,0.014924433,-1.2478545,-0.50727904,0.21936336
152,-1.1522942,0.34859315,-0.1431703,-0.8010921,-0.21904375,-0.008553243,-0.04622139,-0.63352776,-1.2182575,-1.054676
153,-0.09481795,0.49894023,-1.0321565,-0.620004,-0.45576385,-0.050869346,-0.9553824,-0.809302,-0.8749078,0.87642497
154,1.8237871,0.6289204,0.64862686,0.91178316,-0.3139225,1.3381534,0.6508157,1.6026608,2.219985,0.3411098
155,1.1374598,0.33760598,0.713517,0.48253036,-0.8237991,0.32276526,0.67310894,1.42238,0.22770855,0.6209609
156,1.0777725,0.51003456,-0.61764354,0.6352218,-1.325024,-0.0054441267,-0.69091296,0.5685935,1.633021,0.7566088
157,0.16170546,-0.12825252,-0.21798338,0.178574,0.4704311,-0.6326049,-0.09952289,0.37821645,0.069820516,1.1058695
158,-0.74427533,-0.6491792,-0.15919478,-0.14221175,-0.009374004,-0.5715572,-0.19824012,-0.46450812,0.45299697,0.10107935
159,0.04796685,-0.299695,-0.34738806,-0.14537503,0.82553023,0.3817691,-0.26146773,0.5512841,0.027090464,-0.32859626
160,1.2752599,-0.004331772,0.7302681,-0.6543103,-1.3649634,0.42154065,0.65880066,-0.5025605,-0.97803044,-0.56066364
161,0.6431123,0.011916646,-1.7038046,0.20216209,-0.41452196,-0.04142976,-1.4728295,-0.87614876,1.250935,-1.1367074
162,1.018345,1.9003398,0.4601972,0.78853273,-0.45193225,1.1282445,0.37049195,1.0908033,1.5482619,1.9084203
163,-0.59017366,-0.92735845,0.31266442,0.1674702,1.8826761,-1.3850625,0.23937602,0.68883824,-2.1746452,0.49071035
164,0.6201609,-0.24568324,-1.2371485,1.063686,-0.24229382,-0.48724672,-1.1659226,0.35469538,0.27516386,-1.3353842
165,-0.5149513,-0.7986476,-0.9124054,-0.31977728,-0.39274928,0.32930708,-0.90109825,-0.9896156,-0.54802793,-1.1306398
166,-0.9800505,-1.1179533,-0.07926816,-1.2364302,0.11084459,-0.39251927,-0.045553904,0.039659195,-0.28538308,-1.1716616
167,-0.36212164,-0.5380193,1.550343,-0.17311937,2.5098126,-0.49741343,1.9919304,0.17204013,-1.5609748,0.10266314
168,0.21241158,-0.12204578,0.4377446,-0.76312655,-0.10302656,0.55052346,0.41969335,-0.6173246,-0.32731366,0.05653226
169,0.16922882,0.2311315,-2.5434592,0.13754386,-0.6923633,-0.066100486,-2.4547138,-0.6660851,0.156482,-1.5177507
170,-0.12543085,1.341416,0.5770033,0.9413126,-0.484076,-0.18870641,0.44990918,0.59781355,0.10617162,-0.37303397
171,-0.30624065,-0.34485763,-0.028379735,-0.088211045,-0.68713933,1.0357627,-0.13132316,-0.17203854,0.39498988,-0.89511627
172,-0.050185136,-0.21607356,-0.4157142,0.7597219,-0.16469288,0.37721372,-0.28473067,-0.7955041,-0.47656378,-1.3585484
173,-1.083071,-0.4524992,0.5534857,-0.5615331,1.4263291,-1.0449647,0.39837417,0.6127822,-0.7976883,-0.32502946
174,-0.73368734,0.6697996,1.3557398,1.0397304,2.3934789,0.07460618,1.3993976,-0.8433234,-1.3519733,0.74957854
175,-0.6495538,-0.93560743,0.9013571,0.27779558,-0.6538847,0.124822944,0.9281502,-0.04440738,0.22562195,0.6306409
176,0.907867,1.47513,1.4300871,0.9083475,2.3154485,1.315993,1.3196757,1.2542105,1.11493,1.9552553
177,0.19296947,0.1813887,-0.030852742,0.20888177,-0.39225402,-1.5354587,0.008595346,0.3906174,-0.9028109,1.0958005
178,1.0415338,-0.1367363,0.18441077,1.0986748,-0.54018366,1.2527442,0.39480692,1.2407317,1.5228946,0.86786
179,-0.7291462,-0.8071043,0.8950326,-0.9208553,0.52150303,-1.3697001,0.9510892,-0.52715003,-0.6267952,-0.1308051
180,0.03133848,0.44719085,0.37778026,0.46943656,-0.17387916,-0.6097479,0.1486726,0.13291562,-0.6504989,1.7406206
181,0.2804723,0.48796377,1.3988345,1.1678956,2.1355848,0.9977196,1.4950814,1.1281672,0.6819423,-0.46274376
182,0.14928381,0.27122796,-0.9064623,-0.089933544,-0.120991215,-0.44810435,-0.8285117,-0.22724836,0.2586788,0.3471211
183,0.7138768,0.801152,0.92806023,0.93673867,-0.39136028,1.4201419,0.85981375,1.2335325,0.24248154,1.663104
184,-0.9258564,0.019984215,1.5488493,0.5736935,2.6117659,-0.6414071,1.7192472,1.5750037,0.18950486,0.42296213
185,1.7019296,1.2500799,-0.14447467,0.7801643,-1.0195409,0.020522853,-0.13900867,-0.19317473,-0.33755732,1.7048186
186,-0.34838966,-0.52619183,0.32316834,-0.75843275,0.09767184,0.4115929,0.3407457,0.5706212,0.40009743,-0.32091638
187,0.69173896,0.32281336,1.410598,1.215894,0.0016560262,0.48521313,1.155656,1.3931291,0.13465226,1.0889912
188,-0.73556477,-0.10887187,-1.4408208,-0.9206356,-0.39867577,-1.2607052,-1.3230158,-0.9579596,0.18851072,-1.1845406
189,-1.3376074,-1.3635776,-0.11281573,-1.5800725,-0.46514887,-1.5007654,-0.27359736,-1.4634818,-1.2727573,-0.6209631
190,-1.5325637,-1.2595717,-2.0064533,-0.516874,0.21066314,-1.2614788,-1.9091374,-1.5803992,-1.1456568,-0.6200501
191,0.97329414,-0.16200879,1.343368,1.1473655,-1.4684153,1.6454104,1.0865484,0.9956542,1.8077619,-0.5562159
192,2.531824,1.036531,1.6178372,0.5148901,2.8487513,0.4655244,1.5381775,2.3559918,0.8425782,2.1713536
193,0.14647524,0.5713924,1.2869954,0.5247485,2.2698488,0.69527,1.3032488,1.723228,1.5580288,-0.32124424
194,1.1974125,0.11458414,0.26448905,0.13600335,-0.14193277,0.24911948,0.15565842,-0.44045514,1.0857217,1.1342887
195,-0.2986253,-1.3138275,0.07827199,-0.92690015,1.5418233,-0.56580764,-0.036695536,0.12639855,-0.6453316,0.46867314
196,0.9300645,0.9479547,1.4593579,1.2245593,-0.70284307,1.3176954,1.3211812,1.7513654,0.21946809,0.46607792
197,-0.32757673,-0.40613532,-2.184843,-1.2640121,0.1663046,-0.65976906,-1.9265716,-0.5152656,-0.7651888,-1.2946731
198,0.8805994,1.1107203,1.0498207,1.0063508,-0.44417,0.984118,1.0502443,1.5102626,0.69290906,1.7998438
199,-2.0271375,-1.5263153,-1.4918442,-1.311322,-0.38082442,-1.5831577,-1.1362183,-1.3921444,-0.6699163,-0.29543197
200,-0.08137558,0.055449206,-0.009314138,-0.43492725,-0.5801417,-0.15124802,0.10607019,0.21526083,-0.42234173,0.61843574
201,-1.6378471,-1.0393491,-1.8841414,-1.7552499,-0.44019264,-1.9021344,-1.8506072,-1.3634464,-0.041174293,-1.6083413
202,1.5632542,0.6628248,0.6780183,0.7110032,-1.1656249,2.2560658,0.55309874,0.5170885,1.8951685,2.154219
203,1.2074375,1.4860992,0.043259315,0.78347844,-0.22477989,0.12009109,-0.050067574,0.7054431,0.81339175,1.7985274
204,2.5511062,2.524882,1.2850256,0.6219477,1.2743242,1.0632577,1.1824104,0.81164724,0.16667691,0.28085098
205,-1.2397662,-1.798496,0.11813089,-1.4700711,0.8815618,-0.5618224,0.15779047,-1.5997638,-0.34223565,0.30702412
206,1.7446322,0.78416127,1.1918532,1.5287874,-0.49012798,0.63075745,1.0491551,0.9105988,0.397461,1.9868915
207,1.5137243,0.5841374,0.025075877,0.8622891,-0.102044016,-0.04884421,0.09537985,1.6474913,-0.5259151,1.7893808
208,0.8455658,1.5922909,0.27203685,1.1944283,-0.3922532,1.6871756,0.27545953,1.4492149,1.0200883,-0.686934
209,-1.2812066,-1.0427109,-0.43891138,-1.4441507,0.040389266,-0.41108635,-0.37526658,-0.6065983,-0.9486694,0.46340233
210,-0.7466352,-1.0453136,0.6654009,0.92374617,1.6922684,-0.18965562,0.6063115,0.79090625,-0.70737755,0.7752098
211,0.35620347,0.44436306,-0.6417155,0.6687733,-0.40695414,0.4119524,-0.6826976,0.31882405,0.97389233,0.81723493
212,-0.10601311,-0.28621936,0.3558449,0.24871796,-0.77677953,-1.1207107,0.24677844,0.42907202,-0.22267735,-0.8018936
213,-0.67116517,-0.38747674,1.2443167,-0.9487785,2.3647227,-0.49451846,1.2482842,0.9923609,-0.5091069,-0.76660115
214,0.09825037,0.01786469,0.9566055,0.2470746,1.2501585,-0.18047814,1.0489358,-0.183717,-0.07281874,-0.20184669
215,-0.12294602,0.045824263,-0.56608474,-0.09114186,-0.07222843,-0.16392499,-0.49695224,-0.562207,1.0964483,1.0905043
216,0.76214015,2.026289,1.4630936,1.6278574,2.0883613,1.6056141,1.4859768,1.5371553,1.0517428,-0.48867685
217,1.5629203,2.0598176,1.6465762,0.6215516,2.3964965,1.2086679,1.6844108,1.1456236,1.1403118,0.39774776
218,0.3722023,-0.45922074,0.74639463,-0.56574726,1.1372674,0.33402628,0.7485877,1.7255592,0.3337466,-0.7572243
219,-1.5868421,-2.2194278,-0.6524739,-1.6534199,-0.47349983,-2.0656147,-0.66280264,-1.3715272,-1.2873855,0.1390618
220,1.4823159,1.4414679,0.565378,-0.028934758,-0.839715,1.6748091,0.62638056,0.47764197,1.2751535,-1.2615446
221,-0.29645208,-0.28932884,-1.0270281,-0.24792409,-0.26978278,0.1767559,-0.54180175,-0.41709292,1.5146716,-0.83421856
222,-0.6726996,-1.6655768,1.1269026,-0.18086661,1.1673946,0.15697303,1.0755973,0.29968694,0.04046527,0.4245979
223,0.39341232,-0.65734214,0.6564759,0.1483071,1.5178818,0.14333463,0.62078434,0.12803075,0.2723563,0.39279377
224,0.40665475,-0.06975348,1.1811788,0.6657041,2.0709078,0.688572,0.9141569,0.700932,1.268424,0.86964697
225,-1.1506331,-0.03732127,0.5727277,-0.66846746,-0.39438987,-0.24196562,0.7550615,0.6077187,0.047450017,-0.3728201
226,0.2299831,-0.9714361,1.069025,-0.035244085,-0.3930101,-0.913842,1.1357049,-1.398577,-0.78571683,-1.3196744
227,1.62068,0.8766292,0.36299878,0.878277,1.8880186,1.431818,0.28850958,1.1555703,0.626799,-0.69701314
228,-0.011782434,-0.7712648,0.69257516,-0.6288315,-0.8566418,-0.4367038,0.7736041,0.33771533,-0.33507493,-0.552502
229,-0.72796386,-0.36325288,0.067930035,-1.3000853,-0.8942736,-0.133854,0.32361236,-1.7093107,-0.61109924,-0.29173404
230,0.38895118,0.28219548,1.1507949,0.29726934,-1.1305546,0.090839714,1.0708419,1.6457611,-0.6841561,-1.1450846
231,-0.040893342,0.43022624,-1.9424564,-0.67632216,-1.3699144,0.18693388,-1.8858263,-0.67586946,-0.39011633,-1.3848795
232,0.07438896,-0.2631521,-1.5549718,-0.24372058,-0.99305034,-0.31352565,-1.5263007,-0.49518898,-0.4369384,-1.0923846
233,0.9391178,1.8609033,0.8701628,1.4837024,-0.6439962,0.8757066,0.7288478,1.0214671,1.0407794,0.7527302
234,-1.526934,-0.3840359,-1.8459978,-1.9204082,0.45223773,-1.3050692,-1.6497606,-1.2176037,-0.35019678,-1.5345677
235,-1.0991197,-1.7864164,-0.9683807,-1.035034,0.8029668,-1.4605587,-0.89443636,-1.0229834,-1.4299666,-0.010129616
236,0.3479161,0.78074986,-0.410543,1.6408474,0.30856198,1.5784873,-0.45571804,0.9017647,1.4394808,-0.54102427
237,-0.08447508,-0.44243625,0.71861136,0.77285004,0.3926881,0.143043,0.6990847,-0.060403932,-0.08652686,-0.013877447
238,1.4621608,0.9738773,1.3717066,2.1822987,0.776867,1.0371858,1.2490022,1.3282225,1.5764502,2.0686667
239,-0.5021231,-0.71763766,-1.1964786,0.26341626,-0.42514625,-1.4042068,-1.1810766,-1.2814124,-0.9647742,-1.1172408
240,1.8381464,2.099234,0.9143396,1.4881485,-0.62870216,1.0131629,0.89163655,1.5598724,1.0664569,-0.5493816
241,-0.9170214,0.14633293,-1.5982511,0.65315557,-0.9813878,-0.64324605,-1.3629769,-0.38063785,0.025388466,0.15801594
242,-1.1542089,-0.26670623,0.34867427,0.20697543,-0.33733618,0.56655836,0.48268637,-0.27552745,0.08097115,-0.29951388
243,-0.5189712,1.1207755,0.23162243,0.1525211,0.2555646,0.29592425,0.11969347,0.56027555,0.4598355,-0.9236135
244,0.99043953,0.9359647,-0.03921544,0.59602714,-0.2070867,0.38308036,0.027773332,0.44823456,0.7788373,-0.35570407
245,1.3487865,0.7874736,0.0666886,0.9686625,-1.3506258,0.85880584,0.13583614,0.66668516,1.4680748,0.9583424
246,-1.2885869,-0.524023,-1.4592594,-0.14352296,-0.992493,-0.49753284,-1.3758891,-1.3497192,-0.271383,-1.572793
247,0.39789128,-0.42265946,0.7864991,-0.19494097,0.18920015,0.09000871,0.84020567,1.2918966,-0.6297335,1.1145874
248,-0.5325184,-0.71628666,0.21219069,-0.9777933,0.18134998,0.15141541,0.15664423,-0.20230967,-0.57712096,0.8571867
249,0.9383338,1.8398888,0.5823791,0.64981675,-0.38635224,0.25324917,0.3282517,-0.21109925,1.0037228,1.8487877
250,0.8690504,1.6978388,0.6925089,1.8536774,-0.4973386,0.20635079,0.69249725,0.89465964,-0.31286916,2.054537
251,-1.4794072,-2.1342351,-0.22209617,-1.2668209,-0.24436304,-1.8385187,-0.34667283,-0.9778288,-0.54556215,-0.116396986
252,-0.9411686,-0.09505992,-0.04480378,-0.2268696,0.2995106,-0.43641764,0.0113222655,-0.9249193,-0.54050726,-0.8560967
253,2.1205533,2.3362274,0.7045303,1.5128307,1.891069,2.1963594,0.585466,2.5246882,1.6244968,0.59198976
254,0.16154557,-0.1381789,0.23450525,0.84953725,2.0619006,0.4765332,0.3394043,-0.7142552,-0.38430637,0.2950246
255,-1.5357417,-1.9028833,-0.96305937,-1.1907806,-1.1514192,-0.73090464,-0.8914215,-2.1302826,-1.0203009,0.102407195
256,0.5650929,0.25917503,1.0463926,0.26024312,0.4532588,1.2123061,1.0659381,-0.015509871,0.721557,-0.763594
257,1.553982,1.3016311,0.9482848,2.1074767,-0.044866227,1.0057532,0.8535464,1.299101,1.5327128,2.276795
258,1.3978956,0.97471845,0.3791965,1.6057494,-0.40691543,0.57740945,0.18633667,1.3844215,0.77970564,0.5167109
259,0.72168493,0.3832757,0.34898058,1.2313498,0.1397773,-0.10372984,0.30188778,0.28095874,0.58235866,-0.6712253
260,-1.4522458,-0.57697576,-1.5026038,0.15427001,-0.51204365,-0.4000812,-1.4309802,-0.54308254,0.07810204,-1.5388079
261,0.09830636,1.5607641,1.3684232,-0.07123082,1.4678237,2.3701687,1.4422952,1.6717987,1.7190146,-1.254421
262,-0.45035878,-0.5747927,-0.66001266,0.49645835,0.5873335,0.8208584,-0.61450505,-0.23596647,0.24405031,-0.91462594
263,-0.22997712,0.93196166,0.6669944,1.5132247,-0.93213403,0.55074525,0.7201886,2.6520283,-0.10458943,0.5371558
264,-1.4826866,-0.27042142,-0.45591348,-0.24043512,-0.65543914,-0.6059226,-0.8215023,-0.5315356,0.094253145,-1.2439141
265,-0.019058684,0.7972813,1.3371679,-0.5205386,1.7429028,-0.3782412,1.3220176,0.5479534,-0.5339873,-0.035108063
266,1.3806202,1.3020694,1.0943933,1.359351,2.3595622,1.2694515,1.112608,1.557626,1.2291462,-0.17391038
267,0.78551924,0.8300241,0.6752947,1.3080975,0.40163854,1.70873,0.6264717,0.7364668,1.0596181,-0.30768585
268,-1.8090594,-1.0308037,-0.42537075,-1.291054,-0.39281076,-1.6453285,-0.30856425,-0.55089873,-0.9349697,-0.32092416
269,0.21270512,-0.26064774,0.6368128,-0.02882598,1.3680902,1.0090252,0.59032977,0.7112965,-0.43774828,0.72991663
270,-0.720306,-0.279809,0.69877017,-0.98314303,2.0357578,-0.06985611,0.65152204,-0.14687063,0.31411108,0.5911243
271,0.16786657,-0.54712534,-0.24959782,0.39556178,0.5811572,0.34652466,-0.28343755,1.6947291,-0.13154103,-0.112347685
272,0.49248582,0.18796504,0.52730393,1.3686839,-1.6291445,-0.34495822,0.5060385,0.31514484,0.2037044,0.0033899604
273,1.466416,0.730717,0.8917119,1.3394005,0.49067292,1.2973456,1.0317835,0.9324963,-0.53369236,2.3631482
274,1.2008364,1.4682271,1.1557049,1.9886987,-0.7151781,0.17883407,1.0098304,0.19980048,0.09770519,1.6391333
275,0.25164396,0.1495975,0.36090252,1.2164462,1.4988776,0.9767436,0.45658132,0.4083137,0.66224355,-0.49735284
276,1.1110333,1.0689453,1.7348902,0.7754061,0.1667117,0.4468931,1.9813244,1.6220671,-0.28918675,1.4365401
277,0.77323395,0.5486047,-0.8029969,0.8379715,-0.8243586,-1.1164044,-0.93708616,-0.5047332,-0.07874629,0.27528584
278,-1.9487526,-1.6356287,-1.8010162,-0.9139035,-1.1401346,0.11637871,-1.6291795,-1.500583,-0.016238833,-1.5133383
279,1.7199913,0.7124909,0.37233445,1.4728117,-0.43921113,0.9201472,0.4711546,1.5495459,1.5616018,0.17482291
280,1.3016424,0.37832722,0.41431358,1.3963012,0.45281816,0.83048654,0.30425143,-0.00915049,1.8127575,0.41756707
281,-0.27331898,0.22649923,-2.355133,-0.73488957,-0.1488887,-0.02064294,-2.327002,-1.2301902,1.1915652,-0.93761337
282,-0.14120255,0.2520562,-1.5823429,-0.44740602,-0.55129915,0.5874631,-1.3440094,-0.48697552,1.0332549,-1.2950947
283,-0.2598301,-0.12010372,-0.052103296,-0.07484882,0.07693019,0.6947011,0.025300212,-1.3058974,-1.5217683,-0.04124818
284,-0.83180654,-1.4055253,-0.4873841,-1.4381386,0.04083597,-1.3306397,-0.41592112,-1.0044432,-1.0948081,-0.101506814
285,0.52234435,0.42668134,-0.626419,1.4753555,0.3079385,0.64716357,-0.42994872,0.41242465,0.49535298,-0.96544075
286,-1.209318,-1.4053813,-1.30009,-1.6512427,-1.6912998,-1.8066112,-1.1812615,-0.6036429,-1.5772108,-0.5344663
287,0.27194497,-0.24359277,-2.0461736,0.76089597,-1.3975896,-0.45901155,-1.8198032,-0.71976477,1.7006533,-1.2303344
288,1.9493997,2.4787958,0.44698834,2.4025528,1.8195221,1.7018877,0.43194848,1.6823262,1.3760855,0.78047943
289,-1.2339686,-1.0307775,-1.7406808,-1.2337807,0.23152372,-0.9905867,-1.6458578,-1.002046,0.39999947,-1.1862508
290,-1.2097719,-1.5291843,-0.4404671,-0.8335691,-0.30480644,-0.80011743,-0.2799771,-0.96085936,-0.26277512,0.49717647
291,-0.96488005,0.13704401,0.11711977,-0.03921546,-0.8391458,-0.44224444,0.19280478,-0.49117577,-1.4731903,0.94940364
292,1.0394051,0.26098943,0.21529478,-0.16370714,0.66469276,-0.0913028,0.21760325,1.3427889,0.11688713,1.4628196
293,-0.8147213,-0.101776406,-0.20429526,-1.1033608,0.050826676,-1.016307,-0.06258258,-0.27918366,-0.51204324,0.25912645
294,0.9370893,0.5365429,-0.50300074,0.85800683,-0.04529462,0.8497097,-0.48654687,0.18510145,1.236381,-0.36556485
295,-1.2404262,-0.5163987,-1.7269574,-0.7324251,-0.9925758,-1.5493243,-1.5554916,-1.1147957,-0.64268637,-1.4310279
296,-1.4915409,-1.2274735,-0.8402438,-1.803371,-0.4787329,0.1362589,-0.9401173,-1.6221929,-0.69305307,0.03565799
297,-0.8086286,-0.0005932325,-1.2068504,-0.06896706,0.12380919,-0.53128636,-1.2669375,-0.96656334,-0.3570856,0.33582604
298,0.47581658,0.14140947,-1.0999136,-0.42339516,-0.36670846,0.20955138,-0.8798231,-0.10910639,0.96459115,-1.082485
299,0.64775443,0.011815454,1.192426,0.86886764,2.376794,0.1544557,1.1796064,0.5701222,-0.539763,0.17846695
300,-0.83182865,-1.3761344,-0.828675,-1.4755572,-0.9609881,-1.422902,-0.82868755,-0.22424737,-1.3257151,-0.4149863
301,0.5809166,0.32413062,-1.6267034,0.41422072,-0.72929174,1.237632,-1.2873648,-0.17127855,0.4169961,-1.139461
302,1.1023072,1.1960626,1.6036874,0.397446,1.8485475,0.47412172,1.6494159,0.4057154,0.119859755,0.8444344
303,-0.35985067,-0.53430927,0.72034436,-0.025708746,2.083079,-0.27495795,0.8253774,-0.089106046,-0.4833506,0.46777278
304,0.34922615,1.2244569,0.3186236,-0.45944706,0.14692219,0.98150575,0.2564994,0.6668092,0.5302846,0.58390886
305,0.5944297,0.76367205,0.9871268,1.2089204,2.223592,0.83369476,0.9016771,0.9365032,1.1498934,-1.1031346
306,0.42660812,-0.37055507,0.610306,0.6907441,-1.4333534,-0.015937073,0.6393983,0.3837005,-0.9253663,1.0226629
307,-0.24530202,-1.4019469,0.7982792,-0.6818228,1.3709565,-0.38016677,0.7473943,0.4407765,0.38438302,0.85740596
308,1.0040605,1.8482388,0.58031714,0.37055814,-0.1490769,1.3553674,0.6440828,1.6783963,0.68880117,-0.5636499
309,-0.06140299,0.913152,1.4710133,-0.4002118,-0.96205,-0.83647364,1.57426,0.4543423,-0.9447009,1.8999847
310,0.020143101,0.86762464,-0.62674785,-0.6424019,-0.11418988,0.74162084,-0.61170393,0.883629,-0.018940132,-0.84848297
311,0.9055992,-0.5794713,0.7386324,0.59368825,-0.08481499,1.091895,0.6812009,-0.23866124,0.27727926,-0.2398947
312,-0.072098725,-0.984701,-1.2996312,0.015742147,-0.58814526,-0.08777156,-1.1065872,-0.9158416,-0.32343858,0.14253052
313,0.3966072,-0.21889329,-1.4430474,-0.3069161,-1.0604582,-0.38294306,-1.5419573,-0.5369389,-0.39698124,-1.1136353
314,1.0551636,-0.57586837,-0.35305002,1.4516028,0.3534323,-0.36392722,-0.47425258,0.20362097,0.629933,0.76459664
315,0.028004292,0.33405885,-1.3850831,-0.1640552,-0.35799336,0.4469288,-1.2866951,0.96119493,1.5955982,-0.601479
316,-1.7404014,-1.1060352,-0.493936,-0.9552409,-0.92458695,-0.8534281,-0.34394234,-0.77624434,-0.28555375,-0.99824035
317,-1.1971066,-0.8402727,-1.978672,-0.9933481,-0.059566647,-1.7545379,-1.7210449,-1.5197575,-1.5034428,-0.843781
318,-0.4096524,-1.1813045,-1.4658947,-0.6652921,-0.8846022,-0.83423847,-1.4646494,0.04601056,1.042931,-0.17824109
319,-0.36768425,0.14128467,0.25543228,0.57891154,-0.61425155,-0.57840425,0.048523802,0.7029635,-0.4988042,-0.2563053
320,-0.34709048,-1.227927,-0.087832846,-1.1271603,0.35587525,-0.9719728,-0.1851128,-0.2801899,-1.1390555,0.19469506
321,0.5658881,0.6228502,0.9132997,-0.37758744,0.9908924,0.26340652,0.91573197,-0.06140421,-0.30743754,0.6888043
322,0.97812104,2.4372458,0.46709672,1.1566737,0.110206686,1.2653811,0.5780876,0.95517755,0.43845874,-0.7086957
323,0.3394758,1.1349247,0.49924335,1.0589244,-0.30875662,0.017753772,0.35223812,0.5842294,1.0510623,1.6167405
324,1.3023092,0.45334077,0.90883464,1.7193588,-1.2755132,0.073822275,0.765655,1.0804969,0.1745907,1.8483138
325,-1.0002983,-2.3271155,-0.21573208,-0.9809954,-0.31969005,-1.4315659,-0.089514896,-1.3638579,-1.1379001,0.23526737
326,-1.3601388,0.3332067,0.79849046,-0.9588853,-1.1158838,-0.57777005,0.706099,-0.77649593,-0.80004716,0.9633656
327,-0.46679482,-0.39575693,0.9553939,-0.09435595,-0.4716366,-1.2587653,1.1085372,0.8411808,-0.16333982,-0.3468389
328,-0.85299486,-0.9498859,-0.37479582,-0.5329096,-0.08819516,-0.8836874,-0.2529067,-0.0937479,-0.19259116,-0.52936745
329,-0.40594688,0.87174386,0.34510514,0.5487649,2.2667933,2.4099119,0.466234,0.24973899,0.66623,-0.29339033
330,0.16028692,-0.2580702,-0.0028335457,-0.18013816,-0.79384995,0.5682262,-0.1410705,-0.15898378,-0.6007764,0.06888005
331,-0.43061718,-0.82794815,-0.84403044,-1.1201282,-0.30029485,-0.3111129,-0.7358756,-0.94528615,-0.48661888,-1.0820227
332,-0.99805725,-0.30520982,-0.64635086,-0.2872769,0.30682993,-0.9244852,-0.83176863,-1.032798,-0.48273006,-0.09269969
333,-0.57852644,0.62020105,0.57649994,-0.89589065,2.4343696,-1.7012794,0.5308525,1.9883497,-0.7832696,-0.23605028
334,0.9937205,1.3042382,0.8606551,1.728218,-0.08971286,0.123506665,0.7545892,0.47235066,0.37269232,-0.18976006
335,-0.5813566,0.311396,1.1025139,-0.24438089,2.249241,-0.17588523,1.0288751,-0.29505453,-1.1527398,-1.1363962
336,-0.076082125,0.68586975,-1.2521983,-0.83799803,-1.1691096,-0.3497709,-1.1361825,-0.7525199,1.0579965,-1.2909443
337,1.4559324,0.9831252,1.3750299,1.3268248,1.9606489,1.3770862,1.2340683,1.2351973,0.6985575,1.7832857
338,-1.3405863,-0.6555653,0.69607097,-0.69657177,-0.7581765,-0.7509167,0.634556,-0.56441075,-0.27501228,0.20413542
339,-0.90100926,-0.3566817,-0.8902894,-0.82292485,0.46912062,-0.2248623,-0.81962883,0.14710967,0.79614043,-0.9571506
340,0.59277815,0.2532874,0.7700174,1.0478113,1.2734277,0.69374937,0.7785482,0.41727605,-0.03288679,0.266533
341,0.19252877,-1.3037009,0.8563715,-0.43280238,1.9897051,-0.18908308,0.85895026,-0.39183006,-0.43208656,0.08248814
342,-1.3435904,-1.1304734,-2.6504269,-0.42907432,-1.2357028,-1.0664036,-2.5423346,-1.8204443,-1.1466123,-1.8279278
343,1.5923251,-0.2798439,0.91206294,0.012359697,-0.7146465,1.0873009,0.8358294,-0.24922559,-0.42050356,1.1668738
344,-0.7128875,-1.2513554,-1.1065427,-0.6980715,-1.0302874,1.1618263,-0.99062365,-0.5686118,-0.5494807,-1.3036454
345,-0.14385906,-0.105181605,-0.3483809,-0.6445836,0.057069663,0.4558934,-0.28997114,-0.83419394,-0.725463,-0.10980703
346,-1.334354,-1.5672811,-1.7744333,-1.7466755,0.2539598,-2.4529905,-1.7655876,-1.7974837,-1.7503422,-1.499833
347,0.06774238,0.8231392,0.72371846,1.1755557,0.18110189,0.07847643,0.7239009,0.8880916,0.25815243,-0.034358658
348,0.55789983,0.4079187,-0.055170022,-0.35376075,1.0328268,0.3494764,-0.07160196,1.1613595,0.0097683,-0.93578804
349,0.34799635,0.6080095,-1.739061,-0.5016268,-0.62232757,-0.19085816,-1.6991018,-0.5832112,1.773084,-1.2846928
350,0.083704844,-0.090158045,1.0774411,0.4739289,-1.2763368,0.6926882,0.9816738,0.9915164,0.22111565,1.3843627
351,0.53955346,0.5129523,0.13316485,-0.22313704,-1.7258468,-0.43437687,-0.04552424,0.846522,1.3719666,-1.0489708
352,0.33426726,0.6687169,0.92542994,0.7520944,0.5020343,0.43760708,1.0065767,-0.39155322,1.0920451,0.9743425
353,0.47092125,0.8717229,0.2211787,0.995835,0.5908285,1.3512721,-0.05560717,0.39736247,-0.45197776,1.5750952
354,0.029758982,1.2639394,1.1112555,1.4170716,1.1147102,-0.20102304,1.1016886,1.5695864,-0.06534682,-0.83203673
355,0.7230207,-0.6544747,0.6000368,-0.09313349,-0.59825337,0.8154744,0.51803476,0.75466835,-0.78039074,1.2303995
356,0.5671141,-0.03967095,-2.286326,0.33525342,-1.5566983,0.55766225,-2.1568475,-0.49967262,1.4154651,0.7043843
357,0.3819566,0.18124016,0.24097537,0.71138746,-0.5264821,0.47092462,0.19039522,0.64090544,0.5374238,-0.12093536
358,-0.14885196,-0.21337484,0.5028246,-1.0211163,0.23381923,-0.3550763,0.43764752,0.034130465,0.06788221,-0.07587044
359,0.5519729,0.1426595,-0.023697574,0.14383969,-0.20641698,-0.18340309,-0.024241608,-0.46313283,-0.27974913,-0.6228689
360,0.8674374,1.3030579,0.71004736,1.5610278,1.7770844,0.9063131,0.6833483,0.918685,0.34725174,1.2976192
361,0.7799492,0.43250823,0.5890391,0.6580843,-0.20733725,0.532124,0.45848092,1.1039374,-0.6067223,1.33583
362,-1.0082359,-1.4932239,0.51885104,-1.1476202,-0.56120294,-0.8233141,0.38531968,-0.18401049,-0.94380033,0.43852246
363,1.1324332,0.05111595,0.6250417,0.934501,-0.44704923,0.88343704,0.67858535,0.09374794,0.06868963,-1.1181518
364,-0.7264748,1.3838044,1.3844182,-0.23173065,2.3212676,0.75984913,1.3405795,0.6252588,0.8257965,-0.055008437
365,1.2000567,0.93187,0.21035266,1.2331988,-0.16503237,0.7396238,0.20809081,-0.030778376,1.5420994,1.1520789
366,-0.49755782,-0.24042676,-0.06425571,-0.9618045,-0.6342509,-0.7454567,-0.15181388,-0.6088485,-0.03492596,-0.060154017
367,-0.93959135,-1.5734042,-1.2779783,-0.8189181,-0.3274043,0.16325295,-1.1785479,-1.5106382,-0.8969933,-0.79865927
368,0.8911429,0.609418,-0.2826766,0.9571444,-0.57240194,1.1995461,-0.38414904,0.3981789,1.653863,0.11491686
369,0.26086438,1.1047517,0.65665734,0.9754627,0.05642419,1.5865322,0.5105519,1.3624566,1.8140191,1.453694
370,-0.1644448,-1.5949713,-0.12101762,-0.34650996,0.48726213,-0.8456392,-0.21109535,-0.27139175,-0.49610052,0.14265801
371,-1.8304096,-1.1015745,0.46163103,-1.0655454,-0.052856963,-1.7987372,0.08896977,-0.42759073,-0.6154126,-0.5660103
372,-0.95488894,-1.186294,0.62651825,-0.6325244,0.7807149,-0.69878495,0.44601458,-1.1337038,-0.5873618,-0.80029076
373,1.1175798,0.335946,-1.2157786,1.4057308,-0.094784595,0.5762811,-0.94272393,-0.3963028,0.9496286,1.4292868
374,0.0042866096,0.231051,0.6962321,0.7528087,-0.3504787,0.91928005,0.54169047,0.21241154,0.027567798,1.7612512
375,-0.4074245,-1.1579028,-0.31359676,-1.648953,-0.63933957,-1.5635395,-0.38319114,-1.5530095,-0.86520416,-1.5739192
376,1.6969608,0.6784434,0.9008161,0.69017106,2.7046568,-0.3082041,0.86088866,0.9027829,-1.1530191,0.82875884
377,-0.40853634,-0.06756614,0.013894977,-0.3463389,-0.7808786,-0.19666547,0.02061993,-0.60393673,-0.20223592,-0.6830641
378,0.50650114,-0.010356007,-0.062361266,0.63870764,-0.5438355,1.4813107,0.15429576,-0.24333227,1.0781773,-0.9411251
379,-0.059594963,1.0691706,-1.1239296,1.70585,-0.7868487,0.5451654,-0.8778799,0.01877604,1.9447526,-0.8857089
380,-1.6378853,-2.1057246,-1.8796713,-2.0131886,-0.2131366,-1.370534,-1.9914018,-1.91838,-1.5593835,-1.0978872
381,-1.046398,-1.0889268,-1.0749342,-1.4515848,-0.90187204,-0.74454415,-1.0814614,-1.0321865,-1.3733071,-0.7021345
382,-0.028082602,-0.5849214,-0.90614885,-0.2952155,-0.8683066,0.028589116,-0.99008423,-0.8800366,-1.2603511,0.115751155
383,1.4210086,0.86937386,0.87441576,0.8346724,-1.7203103,0.3532507,0.82878697,0.4536099,0.012968446,2.017182
384,1.1862067,1.1826262,0.5130273,-0.38218972,2.0576484,1.168124,0.579962,0.8672267,0.90250164,-0.87171805
385,0.4554017,1.065787,1.2177604,0.78984445,-0.31948695,0.9658174,1.0745753,1.5800756,1.1491975,1.1368718
386,0.97897714,0.53805226,-1.0366051,1.0818835,-0.5569779,0.7795647,-1.4210851,0.37374014,0.6871276,-0.96062845
387,-0.108305484,-1.1788297,0.061718915,-0.1341012,-0.5512237,-0.7455595,-0.15364708,-0.5111875,0.37418133,0.028451458
388,-0.18109265,-0.17623669,1.2788591,-0.33771637,1.9285318,-0.55946267,1.1748849,0.42171288,-0.53867394,-0.34940735
389,-0.4397201,-0.6330971,-0.92432916,-0.815936,-0.19345857,0.5564079,-0.6697391,-0.39538118,-0.12160613,-1.0030668
390,1.5278214,1.683242,0.74356294,0.7856518,-0.39212462,0.95816207,0.60623723,1.4801451,1.2909294,-1.1357284
391,1.4252223,0.9721066,0.5774308,-0.37438342,-0.94941723,2.1411653,0.46192434,1.5803819,1.2655376,-0.3928035
392,1.7898506,0.49437755,0.57833344,1.2741966,-0.77748644,1.0965581,0.3902127,0.6821581,0.6070865,1.6680552
393,0.66093946,0.66910493,0.13800448,1.0914353,-0.4730841,0.95987296,0.3752812,1.1106613,0.9886755,-1.4008819
394,-1.742765,-1.0865651,0.45329028,-1.0455991,-0.9619086,0.17602418,0.3652058,-1.1403217,-0.7293363,0.17778002
395,0.5969979,1.2141598,0.8662757,0.37258828,0.6648842,1.9350462,0.9360298,0.7959931,0.9365117,0.4262838
396,-0.39169288,-0.7152416,-0.22609586,-0.79552275,-0.5172553,0.13029523,-0.28472498,-0.74406695,-0.06553875,0.0013640955
397,-0.99089444,-0.77935463,-1.2006787,-0.83046126,-1.1393601,-1.3350987,-1.002045,-0.6635608,-1.5578928,-1.2521125
398,-0.22270542,-0.24975175,-2.868283,-1.0108999,-0.3276457,-1.1282732,-2.7800033,-1.7568413,0.19474727,-0.94090307
399,-0.9909324,-0.5367199,-0.046115365,-0.7849329,0.21895456,-0.19752614,-0.28286242,-0.30964988,-0.122348316,-1.6349996
400,-1.8773092,-1.5675212,-2.0171776,-1.607765,-0.05977969,-1.9275004,-1.9697411,-1.249304,-0.7025662,-0.11649659
401,-0.935939,-1.7558068,0.4117723,-0.18315211,1.8533612,-1.2937458,0.4838407,0.070048325,-2.2131443,0.28457722
402,0.64754987,1.3722908,0.831084,0.6548457,1.189366,-0.13708551,0.8340411,2.0612767,-0.086160794,0.10646243
403,1.935,1.2975496,0.7245735,1.5333669,1.2105801,1.7078182,0.6338088,0.93464357,0.8552719,2.3512383
404,0.382529,0.5113443,0.7671751,0.41818732,-0.31991333,-0.6068317,0.5893464,0.7431411,-0.3353136,-0.13700682
405,0.2946988,0.75025004,0.82822543,0.87177414,-1.4684193,0.17118119,0.6818982,-0.01372557,-0.7755514,-1.0553001
406,-0.09288811,0.13820857,0.26825634,1.1492316,-1.1162804,0.093148954,0.30921996,0.1427576,0.007977773,-1.1795958
407,1.1267854,-0.1295031,-0.21021147,0.89048946,-0.59241694,-0.1664426,-0.18760148,-0.19965899,-0.21639977,-1.398215
408,0.060767725,-0.9113029,0.7609923,-0.4606105,1.7141849,-0.95924056,0.7225638,1.4421518,-0.34542713,0.6955254
409,0.1842102,0.4810166,-1.0722269,-0.27440023,-0.6027154,0.901667,-1.1304653,-0.45885175,0.069966055,-0.5345284
410,0.5314637,-0.14686415,0.06686773,0.2861625,-0.059825506,-0.23773907,0.001280512,-0.44220597,0.14297253,0.809131
411,-1.7509427,-0.7999212,-0.3805065,-0.5101187,-0.6441326,-1.1998231,-0.24230616,-1.1672463,-1.0070366,-0.07950011
412,2.1839924,1.3467093,0.790282,1.6410936,-0.92502356,0.73476684,0.9395831,0.78086007,1.1475383,0.0543358
413,-1.4202305,-1.0462483,-0.36771932,-1.2283276,-0.31977057,-0.5971873,-0.3604856,-0.7719742,-1.5768709,-1.4436795
414,-0.37642077,-0.67416036,0.7742677,0.5953462,-0.46007782,-0.72694206,0.77870613,-1.0720135,-0.29714438,0.6052071
415,2.1812432,1.959279,1.3229785,2.1456406,-0.33594832,1.179202,1.3483994,0.9252074,1.4328219,0.60696095
416,-0.63554657,-1.0870049,0.1517332,-0.45017672,1.420127,-1.2410295,0.08866031,-1.0489016,-0.75632435,0.4945561
417,1.1958734,0.4703537,0.044405114,-0.38057223,2.1670766,0.6503023,0.009527598,0.35305372,0.13874437,-0.5058017
418,0.7414698,0.64015627,0.0068356423,0.21077637,-0.53015107,0.38602477,-0.07268239,0.17346218,0.3365961,1.4491392
419,0.11332654,0.33003542,0.15368992,0.46792302,-0.67964417,-0.3527284,0.034031373,1.2945364,0.078345425,-0.66460246
420,1.8937949,0.9775504,0.9317183,-0.50476867,2.3562214,-0.18399915,0.87721485,0.8373599,-0.5657298,-0.0506433
421,-1.2897768,-0.96462625,-1.3227721,-0.8679831,0.21641508,-1.1279438,-1.2012683,-1.0806931,-0.25419518,-0.14511444
422,-0.997169,-1.1651772,-0.27103746,-0.67059785,1.2645769,0.3084992,-0.28642055,-0.22723688,-0.7435285,0.5820988
423,-0.34028786,0.1239576,1.3236378,0.5326427,0.54909563,-0.037013017,1.345868,1.751319,-1.9343039,1.6581106
424,-0.27932262,0.29161134,0.0041958685,0.51124555,-1.0499115,-1.0018271,0.07692778,0.23464128,-0.41895032,1.5700186
425,-0.046937443,-0.42374384,-0.06945008,0.11109267,-0.10196857,-0.073500946,-0.060333155,-0.7591179,-0.84436685,-0.33340296
426,0.23238696,1.1848948,1.2247486,-0.016634326,1.9485289,0.22496343,1.3158886,0.62445635,0.7067143,1.0610731
427,0.05071397,0.52330995,0.6426762,0.27495664,-0.8500773,0.32944953,0.48995462,-0.23436974,-0.4784836,-1.3379295
428,0.78097665,-0.4104492,-1.8456755,0.36991027,-0.37591058,0.43716156,-1.6294359,-0.8218521,2.236892,-0.39003852
429,0.66804427,0.3717759,-2.197413,-0.6736001,-0.57305086,0.08777676,-2.0445015,-0.705667,2.0025434,-1.1613759
430,1.0897027,0.91958773,1.5270641,1.2423426,0.57813907,0.5776068,1.4150732,1.3535267,1.2025481,2.5731683
431,-1.0318717,-0.9718809,0.0477835,-0.7484665,-0.090003096,-0.09514094,-0.09432822,-1.2296011,-0.76005024,-0.44666663
432,0.010176541,-0.15032932,0.6915702,0.30186245,1.4083302,0.74397886,0.7960156,-0.0014969073,-0.59840953,-0.4381511
433,0.82461107,0.4680309,0.013855895,1.0909201,0.18222038,-0.11718884,-0.18937546,0.36699772,0.58902353,0.551169
434,-1.0035372,-0.71453285,-0.026651194,0.1305798,0.06158577,0.055918578,-0.09024065,-0.4498643,-1.6545539,0.543108
435,-0.1771761,0.5777899,0.8297389,-0.74529064,2.4938347,0.9721896,0.79094356,-0.055968627,-1.940812,0.42962986
436,0.86696684,1.478326,-0.01128981,1.0015572,0.0736678,0.33752206,0.1474171,0.9871835,1.6878611,-1.0339587
437,-1.0015842,-0.7759311,0.46009347,-0.8918451,0.07394834,0.21476713,0.3396958,0.04546143,-0.18914358,-0.39851224
438,-1.0141839,-0.691092,-1.626156,-1.5551842,-1.152534,-0.8430671,-1.3847443,-2.4590447,-1.5874637,-0.43369558
439,-0.40276396,-0.74423057,-1.0213537,-0.44538358,-0.4450835,-0.2451522,-1.1648133,-0.9315876,0.15919907,-0.009203474
440,-0.10825173,-0.15597036,0.08387384,-0.07600475,-0.92252654,-0.40294716,0.12982309,-0.39658383,0.23079728,-0.50186926
441,-1.6515771,-1.3105861,-2.0616574,-1.4649467,-0.25351444,-0.976223,-1.9544144,-1.347855,-0.44064543,-1.6408083
442,0.97488487,2.1049821,0.9322884,0.7966605,1.947386,0.31475234,0.94887495,1.1314901,0.097684816,1.1017034
443,0.29553476,0.66773546,0.34643686,1.0896276,-0.40048787,0.8212285,0.2278541,0.774399,0.45412537,1.7083093
444,-0.13219224,-0.56144947,-0.026736414,0.19099328,-0.66515857,0.23306969,0.06641497,0.62898517,0.28073397,-0.3303886
445,0.33869454,1.7470273,1.0793636,0.53656185,-0.21881054,-0.40739125,0.970971,0.15167902,-0.18292204,-1.8471823
446,0.34179115,0.102402925,0.68217087,-0.27806008,0.0987594,-0.7694025,0.7161213,0.5121574,-1.6146872,0.7461563
447,0.7072583,-0.32665718,1.4197713,-1.3645599,0.30175883,0.6078115,1.5998521,0.74226457,0.31467852,-0.2851266
448,1.0573447,0.26159465,0.7409231,1.235529,1.923898,-0.5367442,0.56504095,1.2580423,0.1500264,0.802384
449,0.8601535,0.29342356,0.82515836,1.1223499,0.76492375,-1.0830439,0.84493506,1.6489353,-0.06597211,0.887411
450,0.1847999,0.9659845,-0.093596704,0.7236534,-1.0455292,-0.09821364,-0.13057673,1.0958885,-0.57761365,1.3177087
451,-1.1044548,-1.2325617,-0.1409007,-1.397856,-0.49202687,-0.93266267,0.19631203,-1.1693902,-0.7856107,-0.83795935
452,0.42235076,0.8344785,-1.5391612,-0.11592638,-0.78047675,0.13538304,-1.8592441,-0.43316314,-0.20186703,-0.74189216
453,1.3554999,1.3034714,0.87942755,1.1015139,-1.7228293,1.0826658,0.63126874,1.1090239,0.8295234,0.71881795
454,1.4401684,0.2506423,0.7463535,0.7133737,0.120713964,2.1217263,0.6061173,1.2823572,0.44157824,-0.31994596
455,-1.8972663,-0.834099,-0.9977321,-1.8172008,-0.15880449,-1.8264272,-0.90263885,-1.4865087,-0.6221378,-1.4130869
456,1.6301265,1.255853,1.4507921,0.5654885,-0.5928244,0.016273344,1.3912102,0.13224639,0.67351043,1.9041445
457,-0.20035481,0.07740298,0.23403463,0.15927564,1.2656096,-0.45649284,0.20711917,-0.7695557,-1.0730487,0.45711425
458,-0.30665752,0.03477001,0.56781447,-0.15526746,0.45269582,0.089967035,0.44639018,0.421427,-0.1804645,0.34915763
459,-0.61953336,0.09326572,-0.065041274,0.34851497,-0.19988799,-0.33859164,-0.19034232,0.1540087,0.92180794,0.20667309
460,-0.55143195,0.38794565,0.6626756,0.29002556,1.392411,0.11104988,0.7721529,0.10689253,0.087554954,1.475435
461,1.0738186,0.38752276,0.63997096,0.53776234,-1.2347535,0.16132681,0.53055084,0.63437045,0.4579252,1.5635128
462,-1.1847618,-0.6465995,-1.4647982,0.2041666,0.2994553,-0.55397034,-1.3706844,-0.03722144,0.29738864,-0.93799275
463,-1.3060423,-1.7982684,0.06622023,-0.7642474,0.31306136,-0.950725,0.04156113,0.0015303057,0.019295445,0.64070976
464,0.3590019,-0.255194,-0.47538435,-0.67415094,-0.362287,-0.29552275,-0.61157805,-0.6998973,-0.19689675,-1.9854935
465,0.7861149,0.7111689,0.2471902,0.341642,-0.14208284,-0.39463347,0.23791863,1.1729915,0.24764073,1.3600298
466,0.47261775,0.4785791,0.6700174,0.34273884,1.5130851,-0.031147625,0.5717635,1.0821956,0.043756586,1.1610966
467,-0.09421966,-0.5878255,1.1865927,-0.33041626,-0.6742416,0.09477745,1.0461785,1.6262451,-0.17830686,-0.20861761
468,-1.5349718,-1.4743744,-1.0276741,-0.89690536,-0.6670719,-1.2936172,-1.135529,-1.0867183,-2.4963276,-0.1592451
469,0.3079124,0.2873794,-0.2881044,1.3109882,0.16528094,0.36291078,-0.21532309,0.021999879,0.19073464,-1.001112
470,-0.60819083,-0.837804,-1.3910958,-0.26798803,-1.2910148,-0.036725745,-1.4246622,-0.6710938,-0.42652795,-1.625498
471,0.75984335,0.6498488,-0.1405903,0.33155268,-1.0799314,-0.61402345,-0.4887048,-0.0685712,0.51687175,-0.27338833
472,0.96808285,0.71773684,0.39354652,0.7397679,-0.7651581,-0.29635948,0.26289657,-0.4326145,-0.17198858,1.7011459
473,0.38629356,0.37463018,-1.8262161,0.6724565,-0.19761951,-0.55330676,-1.6563494,-0.90924263,-0.25215188,-0.9661638
474,0.14671947,0.2055939,0.9235507,0.40589675,-0.43163145,-0.83684605,1.0878407,0.79113334,-0.7975188,-0.64927274
475,-0.5170536,0.44670236,0.48977652,0.40054217,-1.6433899,0.8207929,0.29071036,-0.5690009,-0.71213937,-0.8749303
476,-0.7747793,0.049853362,-2.323199,-1.1223608,-0.39284354,-1.0197055,-1.9155494,-1.5226287,1.1423209,-1.3310918
477,-1.2070794,-0.9015844,0.71037465,-1.486817,0.37021604,-0.36003655,0.59610474,-1.3666947,-0.68947524,-0.46241337
478,0.38345727,-0.5728322,0.20085473,0.25393653,-0.6547908,-0.9073245,0.11366972,0.051753916,0.4279687,1.4516468
479,-1.5210621,-0.11087529,-0.56351334,-0.5814384,-1.5067455,0.4151644,-0.5745905,-0.6622337,0.38278082,-1.2856289
480,-1.3150281,-1.8503009,-1.4296843,-2.0496109,-0.80330956,-1.4585172,-1.3111454,-2.1323166,-1.5699412,-0.018920807
481,0.7181537,1.0532482,1.227585,0.6390642,1.4438081,1.463278,1.3735025,0.6941942,0.9768293,0.72965914
482,-1.1028689,-1.4398638,0.6260361,-0.3123833,2.1790621,-2.2573795,0.4986632,0.99726754,-1.1491153,0.024518402
483,0.93270457,0.99616337,0.12561548,0.12748957,-0.7144879,0.71028775,0.057045255,0.41956133,1.9574333,0.052701935
484,0.7920915,0.29762444,0.5139995,0.7841496,-1.0732062,0.6100448,0.39638522,1.0288131,-0.11733927,0.050544005
485,-0.4618726,-0.65829766,-1.114443,-0.8233434,-0.7190232,-0.35025486,-0.992768,-0.51286507,-0.82028323,-1.510306
486,0.77779716,1.4579909,1.0714952,1.2647655,-1.2312478,1.2863922,0.9943458,0.5162645,0.8887919,0.4828602
487,0.24950498,-0.056027055,0.94672227,-0.27465215,-0.7379903,0.5673237,0.841182,1.4000633,0.026934607,-0.050870936
488,-0.9854897,-1.3334775,-0.9941576,-1.2928107,0.17973305,-1.0982822,-0.90100646,-1.7287176,-1.2468557,-1.1657643
489,-0.9972871,-0.9502749,-0.23269628,-0.20737489,-0.7805758,0.14318982,-0.17165011,-0.4726344,-0.964701,-1.5576396
490,0.20237772,-0.39744502,0.36131072,0.7946757,0.10744435,0.50347334,0.3335261,-1.1531194,0.24072829,0.11567172
491,1.4521284,0.8270988,0.03878884,0.9299739,-1.7219875,0.3572829,-0.06632042,0.8023965,-0.04564702,1.500768
492,-0.11795713,-0.17633547,0.06255042,-0.75458527,1.6675773,0.2400731,-0.007559341,-0.6570354,-0.1412816,0.6685034
493,0.16484405,-0.32374176,0.966423,-0.4429597,-1.2905724,-0.89176774,0.7813314,0.90608,0.09253535,-0.17751782
494,0.8341442,0.40949237,-0.2360937,0.7648009,-0.45187512,1.1179464,-0.2618751,0.2689147,0.9207265,0.08362996
495,0.16436799,-0.58904773,0.57039875,-1.1625558,1.5859551,-0.032560118,0.53055066,0.2868986,-0.6055322,1.3204432
496,0.1747602,-0.8310051,1.1758633,-0.43667284,-0.2769514,-0.86077815,1.1010664,-0.54693335,-1.5866233,-0.3619098
497,-2.0418186,-1.1621518,-0.96276104,-2.1322842,-0.6290606,-2.1741335,-0.85905445,-1.8199924,-1.0399057,-1.2135173
498,1.922098,2.0175493,0.17843439,1.2224777,0.011361673,0.49004823,0.079755306,0.9460979,0.17707798,0.39386228
499,-0.11502322,0.5912082,1.5736543,-1.0623947,-0.91370976,0.02460594,1.6678976,0.6376611,-0.15773863,1.1051147
500,-0.92390996,-1.8725128,-2.0161376,-1.6073775,-0.028470946,-1.8578093,-1.9016399,-1.801073,-2.3143754,-0.19707638
